player_name,position,school,birthdate
Carnell Tate,WR,Ohio State,2005-01-19
Jordyn Tyson,WR,Arizona State,2004-08-12
Makai Lemon,WR,USC,2004-06-02
Denzel Boston,WR,Washington,2003-12-06
Kevin Concepcion,WR,Texas A&M,2004-09-24
Elijah Sarratt,WR,Indiana,2003-05-28
Zachariah Branch,WR,Georgia,2004-03-29
Germie Bernard,WR,Alabama,2003-12-02
Chris Brazzell,WR,Tennessee,2003-09-22
Ja'Kobi Lane,WR,USC,2004-08-05
Omar Cooper Jr.,WR,Indiana,2003-12-14
Antonio Williams,WR,Clemson,2004-07-14
Skyler Bell,WR,UConn,2002-07-05
C.J. Daniels,WR,Miami,2002-01-04
Brenen Thompson,WR,Mississippi State,2003-07-25
Deion Burks,WR,Oklahoma,2003-01-08
Bryce Lance,WR,North Dakota State,2001-09-20
Kevin Coleman Jr.,WR,Missouri,2003-09-10
De'Zhaun Stribling,WR,Ole Miss,2002-12-18
Keelan Marion,WR,Miami,2002-06-22
Josh Cameron,WR,Baylor,2003-03-18
Noah Thomas,WR,Georgia,2004-01-13
Aaron Anderson,WR,LSU,2002-12-02
Dane Key,WR,Nebraska,2003-07-01
Jordan Hudson,WR,SMU,2003-11-22
Caleb Douglas,WR,Texas Tech,2003-09-09
Reggie Virgil,WR,Texas Tech,2004-05-14
Caullin Lacy,WR,Louisville,2001-12-22
Kendrick Law,WR,Kentucky,2003-06-13
Colbie Young,WR,Georgia,2002-07-24
Kaden Wetjen,WR,Iowa,2002-03-09
Chris Hilton,WR,LSU,2002-10-11
Malik Benson,WR,Oregon,2002-10-17
Hank Beatty,WR,Illinois,2003-09-20
Eli Heidenreich,WR,Navy,2002-05-15
Harrison Wallace III,WR,Ole Miss,2003-04-23
Jaden Greathouse,WR,Notre Dame,2004-10-29
J.Michael Sturdivant,WR,Florida,2002-09-06
Dillon Bell,WR,Georgia,2003-11-06
Barion Brown,WR,LSU,2003-12-12
Jalil Farooq,WR,Maryland,2001-09-13
Amare Thomas,WR,Houston,2005-11-18
Emmanuel Henderson,WR,Kansas,2003-03-21
Zavion Thomas,WR,LSU,2004-09-14
Trebor Pena,WR,Penn State,2002-02-21
Hykeem Williams,WR,Colorado,2003-11-18
Shelton Sampson Jr.,WR,Louisiana,2005-04-18
Nathan Leacock,WR,North Carolina,2004-11-22
Anthony Evans III,WR,Mississippi State,2005-06-20
Brandon Inniss,WR,Ohio State,2004-10-07
Ryan Niblett,WR,Texas,2004-11-17
London Humphreys,WR,Georgia,2005-05-13
Tyler Brown,WR,Clemson,2005-06-14
Antonio Gates Jr.,WR,Michigan State,2003-10-06
Kobe Prentice,WR,Baylor,2004-03-10
Braylin Presley,WR,Tulsa,2003-10-24
Kaleb Brown,WR,UAB,2003-10-07
Squirrel White,WR,Florida State,2004-05-05
Deion Colzie,WR,Miami (OH),2003-07-28
Jerand Bradley,WR,Kansas State,2002-10-10
Andrel Anthony,WR,Duke,2002-01-07
Jayden Thomas,WR,Virginia,2002-10-18
Rara Thomas,WR,Troy,2002-07-28
Jaden Bray,WR,West Virginia,2002-08-06
Dacari Collins,WR,Louisville,2002-11-04
JoJo Earle,WR,UNLV,2003-04-05
Ja'Varrius Johnson,WR,Auburn,2000-10-07
Jeremiyah Love,RB,Notre Dame,2005-05-31
Jonah Coleman,RB,Washington,2003-08-20
Jadarian Price,RB,Notre Dame,2003-10-09
Emmett Johnson,RB,Nebraska,2003-10-10
Nick Singleton,RB,Penn State,2004-01-06
Kaytron Allen,RB,Penn State,2003-01-08
Demond Claiborne,RB,Wake Forest,2003-10-09
Adam Randall,RB,Clemson,2004-07-14
Roman Hemby,RB,Indiana,2002-08-16
C.J. Donaldson,RB,Ohio State,2004-07-09
J'Mari Taylor,RB,Virginia,2002-03-15
Jamarion Miller,RB,Alabama,2004-04-29
Robert Henry Jr.,RB,UTSA,2001-12-31
Max Bredeson,RB,Michigan,2002-10-04
Chip Trayanum,RB,Toledo,2002-01-02
Le'Veon Moss,RB,Texas A&M,2002-11-15
Dean Connors,RB,Houston,2003-08-29
Rahsul Faison,RB,South Carolina,2000-02-20
Desmond Reid,RB,Pittsburgh,2004-07-29
Kaelon Black,RB,Indiana,2001-10-17
Jaydn Ott,RB,California,2002-12-16
Terion Stewart,RB,Virginia Tech,2001-11-29
Jamal Haynes,RB,Georgia Tech,2002-10-05
Rueben Owens,RB,Texas A&M,2003-10-02
Djay Braswell,RB,Georgia State,2004-12-29
Quinten Joyner,RB,Texas Tech,2005-03-03
Kaden Feagin,RB,Illinois,2004-03-23
TreVonte Citizen,RB,LSU,2003-11-11
Branson Robinson,RB,Georgia State,2004-03-17
Richard Reese,RB,Stephen F. Austin,2004-10-24
Armoni Goodwin,RB,UT Martin,2001-11-16
Trevion Cooley,RB,Georgia Tech,2002-03-20
Byron Cardwell,RB,San Diego State,2003-01-23
Barika Kpeenu,RB,North Dakota State,2002-03-12
Alton McCaskill IV,RB,Houston,2003-04-10
Logan Diggs,RB,Ole Miss,2002-03-17
E.J. Smith,RB,Texas A&M,2002-05-15
Roydell Williams,RB,Florida State,2001-12-08
Dominic Richardson,RB,Tulsa,2001-04-12
Jalen Berger,RB,UCLA,2001-08-30
